theta1_des_log,theta2_des_log,theta3_des_log,theta4_des_log,Theta1FPID,Theta2FPID,Theta3FPID,Theta4FPID,Theta1KFPID,Theta2KFPID,Theta3KFPID,Theta4KFPID
145.0,112.0,109.0,123.0,(145.364+0j),(111.944+0j),109.03200000000001,123.096,144.9377302231765,112.05365291170027,108.93313376561828,122.85524563235515
144.83703703703705,112.17925925925927,109.11733333333333,122.91199999999999,(1202.7575285741348+0j),(-1108.3600650743656+0j),0.0,0.0,145.23431876153873,112.59415061433658,109.71411296159566,123.3942444594929
144.36296296296297,112.70074074074074,109.45866666666667,122.656,(1201.9538269854622+0j),(-1154.6640605967218+0j),0.0,0.0,144.32904501935636,112.65206689630436,109.29244416926478,122.49102023696216
143.6,113.54,110.008,122.244,(1201.4959279445684+0j),(-1107.8123655970799+0j),0.0,0.0,143.89814354393695,113.8981255158294,110.2981187582739,122.53813549695386
142.57037037037037,114.6725925925926,110.74933333333334,121.688,(1199.9133315573026+0j),(-1138.2838954688814+0j),0.0,0.0,142.527668653523,114.68875914207928,110.60897867369502,121.64842113752967
141.2962962962963,116.07407407407408,111.66666666666667,121.0,(1198.4189329210124+0j),(-1105.3889574642994+0j),0.0,0.0,141.22351270127555,116.02549033878942,111.46594313410516,120.82504739669237
139.8,117.72,112.744,120.19200000000001,(1196.8834695397065+0j),(-1129.3004924441357+0j),0.0,0.0,139.74756465874617,117.42819070309744,112.62840810856264,120.0680868130667
138.1037037037037,119.58592592592592,113.96533333333333,119.276,(1194.8396325370163+0j),(-1106.9938785315119+0j),0.0,0.0,137.79170512251693,119.31273253322419,113.79312930923899,119.07274870823107
136.22962962962964,121.64740740740741,115.31466666666665,118.264,(1192.9979096210755+0j),(-1123.4646198491496+0j),0.0,0.0,136.6802339376315,122.04022952045368,115.56022541367206,118.68022765807595
134.2,123.88,116.776,117.168,(1190.5554426367075+0j),(-1106.3037673683011+0j),0.0,0.0,134.5104201344173,124.19041741258822,117.23041165854617,117.47041192117884
132.03703703703704,126.25925925925924,118.33333333333333,116.0,(1188.5585718977075+0j),(-1117.2013892280725+0j),0.0,0.0,132.45604664720895,126.69602686971324,118.77598373184209,116.37596548304161
129.76296296296297,128.76074074074074,119.97066666666666,114.77199999999999,(1186.2045804363931+0j),(-1103.3936140846654+0j),0.0,0.0,129.77053813411223,128.81056172498222,119.93082711184246,114.65103170111554
127.4,131.36,121.672,113.49600000000001,(1183.8676258536693+0j),(-1111.072042763321+0j),0.0,0.0,127.81874417665519,131.65875134014388,122.05872913332895,113.89869441428716
124.97037037037036,134.0325925925926,123.42133333333334,112.184,(1181.0811939405871+0j),(-1099.5936119899156+0j),0.0,0.0,125.48764171239026,134.36764763582948,123.80764008822138,112.52762031157725
122.49629629629628,136.75407407407408,125.20266666666667,110.848,(1178.723360658798+0j),(-1105.7807364727864+0j),0.0,0.0,122.83963541332278,137.23963875707156,125.71963646421521,111.3196271972545
119.99999999999999,139.5,127.0,109.5,(1176.3276075040426+0j),(-1096.0021265840933+0j),0.0,0.0,119.95352590002332,139.39310439195916,126.91334359445581,109.39389648243072
117.50370370370369,142.24592592592592,128.79733333333334,108.152,(1173.9319457228848+0j),(-1099.2337478941781+0j),0.0,0.0,118.11140362862638,142.83142570333507,129.39141863178332,108.75137648915774
115.02962962962962,144.9674074074074,130.57866666666666,106.81599999999999,(1171.2379848098951+0j),(-1091.0574652972164+0j),0.0,0.0,115.46409415712354,145.46415947102304,131.06414351283541,107.30403667898086
112.6,147.64000000000001,132.328,105.504,(1168.9556643217848+0j),(-1093.4124500679436+0j),0.0,0.0,112.53588732390912,147.57509021252164,132.21547686035606,105.57596920087173
110.23703703703701,150.23925925925926,134.02933333333334,104.22800000000001,(1166.7865990032553+0j),(-1086.2764134663616+0j),0.0,0.0,110.70021664340186,150.78029610947775,134.4602839721456,104.70017492729586
107.96296296296295,152.74074074074076,135.66666666666669,103.0,(1164.4326936392736+0j),(-1087.960826344332+0j),0.0,0.0,107.90014837302732,152.5461869608817,135.50424114198017,102.85923258489458
105.79999999999998,155.12,137.224,101.832,(1162.0996279327123+0j),(-1082.0431847138357+0j),0.0,0.0,105.67631235037645,154.86597186273067,137.10894445018656,101.59751655315297
103.77037037037036,157.3525925925926,138.68533333333335,100.73599999999999,(1160.3292890876307+0j),(-1083.4778392112871+0j),0.0,0.0,103.66472300356675,157.43158981758472,138.71002695339268,100.78410597746223
101.89629629629627,159.4140740740741,140.03466666666668,99.72399999999998,(1158.6553490059814+0j),(-1078.8295337383547+0j),0.0,0.0,102.4185672512534,159.77885419473876,140.33883480408375,100.25852350287911
100.19999999999999,161.28000000000003,141.25600000000003,98.80799999999999,(1156.9476571682565+0j),(-1079.411593968437+0j),0.0,0.0,100.04804467276064,161.24080125324835,141.3225315306641,98.84826405943599
98.7037037037037,162.92592592592595,142.33333333333334,97.99999999999999,(1155.747937620421+0j),(-1075.8535856538165+0j),0.0,0.0,98.53970874376212,162.85962834388957,142.21951526927998,97.81972543862227
97.4296296296296,164.3274074074074,143.2506666666667,97.31199999999998,(1154.4220167194917+0j),(-1076.2340886314364+0j),0.0,0.0,98.0024033927708,164.9626139332787,143.8426089158585,97.76239937883467
96.39999999999999,165.45999999999998,143.99200000000002,96.756,(1153.511634448136+0j),(-1073.9274630558566+0j),0.0,0.0,97.0120699982603,165.8923432952919,144.53233660620367,97.25207487173883
95.63703703703703,166.29925925925926,144.54133333333334,96.344,(1152.886604308486+0j),(-1074.6160614570401+0j),0.0,0.0,95.44529749737684,166.24433691185192,144.40484578591432,96.16529946377504
95.16296296296295,166.82074074074072,144.88266666666667,96.088,(1152.920673516723+0j),(-1073.3234954241855+0j),0.0,0.0,95.26713427499273,166.79217464133617,144.9515662166991,95.98725330403572
95.0,167.0,145.0,96.0,(1152.811630806134+0j),(1225.225291400644+0j),0.0,0.0,94.97472489768786,166.97930232788303,144.89801797705323,95.93478521532074
95.16296296296296,166.82074074074075,144.88266666666667,96.08800000000001,(1153.0079218843364+0j),(1224.9301445509573+0j),0.0,0.0,95.77247728178872,167.29280088717272,145.4527918583245,96.49249285535755
95.63703703703705,166.29925925925926,144.54133333333334,96.344,(1154.0747267859+2.1052130535649905e-07j),(1224.3045087454675+2.1052130535649905e-07j),0.0,0.0,95.90120804675567,166.70159421699685,144.86157420891834,96.62122380490818
96.4,165.46,143.992,96.756,(1155.2932233416382+5.524504020102221e-07j),(1222.7992336049672+5.524504020102221e-07j),0.0,0.0,96.47569175390998,165.3523348560447,143.99280125887253,96.71566569686215
97.42962962962963,164.3274074074074,143.2506666666667,97.312,(1156.242316750221+4.038516558754309e-06j),(1221.4165497489957+4.038516558754309e-06j),0.0,0.0,97.4343526200272,164.39074051300048,143.27147494618288,97.19437344230847
98.70370370370371,162.92592592592592,142.33333333333334,98.0,(1157.7077233726432+9.062186233916335e-06j),(1219.5095169314966+9.062186233916335e-06j),0.0,0.0,99.16745976444544,163.4877557082987,142.84774366796105,98.44744457068614
100.2,161.28,141.256,98.80799999999999,(1159.003549853675+1.6449034370902325e-05j),(1217.6475656050648+1.6449034370902325e-05j),0.0,0.0,100.83754840109877,161.79759875881334,141.87759737325956,99.3975418077737
101.8962962962963,159.41407407407408,140.03466666666668,99.724,(1161.2799193654644+2.4009728023840743e-05j),(1215.5481663437529+2.4009728023840743e-05j),0.0,0.0,102.48732248167806,159.84754782590187,140.4075341151127,100.32728626990753
103.77037037037037,157.3525925925926,138.68533333333332,100.736,(1162.563603134411+3.245670138342818e-05j),(1213.3333984867113+3.245670138342818e-05j),0.0,0.0,104.17638078832827,157.9364595691395,139.2164551738486,101.29636115284407
105.8,155.12,137.224,101.832,(1164.5508619824025+4.172910302879253e-05j),(1210.7628800281354+4.172910302879253e-05j),0.0,0.0,105.765446907902,154.97123027863822,137.20927645239237,101.68490862531218
107.96296296296296,152.74074074074076,135.66666666666666,103.0,(1166.7865214391547+5.240236315274534e-05j),(1208.3007634289215+5.240236315274534e-05j),0.0,0.0,108.46886489991336,153.1089596296687,136.0689497410861,103.42882181053399
110.23703703703703,150.23925925925926,134.02933333333334,104.22800000000001,(1168.871782747965+6.282891196218483e-05j),(1205.4595785464926+6.282891196218483e-05j),0.0,0.0,110.09554918280884,150.17109529618318,133.8526315808704,104.09643259134475
112.6,147.64,132.328,105.50399999999999,(1171.4359195221816+7.464280590649807e-05j),(1202.9479406722057+7.464280590649807e-05j),0.0,0.0,112.47501484663805,147.51039553883314,132.15206551152326,105.51636976780306
115.02962962962964,144.9674074074074,130.57866666666666,106.816,(1173.971474549087+8.49608658468144e-05j),(1200.1697194120839+8.49608658468144e-05j),0.0,0.0,114.94886458007547,144.94903647381207,130.5489454920625,106.78883351773395
117.50370370370372,142.24592592592592,128.7973333333333,108.152,(1176.3893628263613+9.519617836174387e-05j),(1197.115163254622+9.519617836174387e-05j),0.0,0.0,118.04386311114438,142.76390443041893,129.32388995673088,108.68381921240072
120.0,139.5,126.99999999999999,109.5,(1178.5277110616203+0.00010656821037109419j),(1194.37373024508+0.00010656821037109419j),0.0,0.0,120.5113387764028,139.95139716508353,127.47136840077438,109.95125788275585
122.49629629629631,136.75407407407408,125.20266666666666,110.848,(1180.9794385800158+0.00011714189727621045j),(1191.6096802253464+0.00011714189727621045j),0.0,0.0,122.76827033195202,137.16828110052185,125.64827355535978,111.24824676525927
124.97037037037038,134.0325925925926,123.42133333333332,112.18400000000001,(1183.258377223669+0.000126926468159047j),(1188.5841727654984+0.000126926468159047j),0.0,0.0,125.57142564279206,134.45143395751225,123.89142334907615,112.61139735362903
127.4,131.35999999999999,121.672,113.496,(1185.643168988035+0.00013775171507169758j),(1185.9911864593107+0.00013775171507169758j),0.0,0.0,127.38061218418053,131.22013715278115,121.62136225539923,113.46250835297074
129.762962962963,128.76074074074074,119.97066666666666,114.77199999999999,(1188.102712046682+0.00014752391318206395j),(1183.7109526210602+0.00014752391318206395j),0.0,0.0,129.8260114145545,128.86590038218586,119.98483300555763,114.70416181826394
132.03703703703704,126.25925925925927,118.33333333333331,115.99999999999999,(1190.2414113207394+0.00015511008587306509j),(1180.5872062022395+0.00015511008587306509j),0.0,0.0,132.26147063540995,126.50146848737117,118.58146335594532,116.1814610408369
134.20000000000005,123.88,116.776,117.168,(1192.3604344047906+0.00016552744159699007j),(1178.5124510720616+0.00016552744159699007j),0.0,0.0,134.54803597464218,124.22803382550298,117.26803084058757,117.50803093610486
136.22962962962964,121.6474074074074,115.31466666666665,118.26400000000001,(1194.1180735561613+0.00017391361804206182j),(1176.3843098036998+0.00017391361804206182j),0.0,0.0,136.2595800557242,121.62095149190378,115.14163409937723,118.26129893344668
138.10370370370373,119.58592592592592,113.96533333333332,119.27600000000002,(1195.7717767495633+0.00018152855445315502j),(1174.5395665280819+0.00018152855445315502j),0.0,0.0,137.946924227809,119.46817605457946,113.94867698551705,119.22819642910808
139.8,117.72,112.74399999999999,120.19200000000001,(1197.6132072586452+0.00018782046045193285j),(1172.677220441742+0.00018782046045193285j),0.0,0.0,139.81772792118971,117.49641916894814,112.69618193436825,120.13655804930517
141.2962962962963,116.07407407407406,111.66666666666666,121.00000000000003,(1198.779497462218+0.00019378804902567617j),(1171.3577301603086+0.00019378804902567617j),0.0,0.0,141.3218688419126,116.120882864818,111.56069783041195,120.92107398390212
142.57037037037037,114.67259259259258,110.74933333333331,121.68799999999999,(1199.9034850723701+0.0001979546923509258j),(1169.7812721733087+0.0001979546923509258j),0.0,0.0,142.49587738562462,114.65405807129288,110.57367776904385,121.61462967175264
143.60000000000002,113.54000000000002,110.00800000000001,122.244,(1200.796662804376+0.00020267397059273016j),(1168.8466709975778+0.00020267397059273016j),0.0,0.0,143.93898764286263,113.93898028713836,110.33897723021393,122.57898449040938
144.36296296296297,112.70074074074076,109.45866666666666,122.656,(1201.229871989582+0.00020633589260031626j),(1168.236099909625+0.00020633589260031626j),0.0,0.0,144.4094230280128,112.7282985286611,109.36811994495467,122.56875431336924
144.83703703703705,112.17925925925928,109.11733333333332,122.91199999999999,(1201.5099077772857+0.0002088244111857368j),(1167.8316898710236+0.0002088244111857368j),0.0,0.0,145.16572467840186,112.52571951929659,109.6457179429033,123.32572291093064
